{
	"format_version": "1.8.0",
	"animations": {
		"test02": {
			"animation_length": 1,
			"bones": {
				"body": {
					"rotation": {
						"0.0": [0, 0, 0],
						"0.0417": [0, 0, 0],
						"0.0833": [0, 0, 0],
						"0.125": [0, 0, 0],
						"0.1667": [0, 0, 0],
						"0.2083": [0, 0, 0],
						"0.25": [0, 0, 0],
						"0.2917": [0, 0, 0],
						"0.3333": [0, 0, 0],
						"0.375": [0, 0, 0],
						"0.4167": [0, 0, 0],
						"0.4583": [0, 0, 0],
						"0.5": [0, 0, 0],
						"0.5417": [0, 0, 0],
						"0.5833": [0, 0, 0],
						"0.625": [0, 0, 0],
						"0.6667": [0, 0, 0],
						"0.7083": [0, 0, 0],
						"0.75": [0, 0, 0],
						"0.7917": [0, 0, 0],
						"0.8333": [0, 0, 0],
						"0.875": [0, 0, 0],
						"0.9167": [0, 0, 0],
						"0.9583": [0, 0, 0],
						"1.0": [0, 0, 0],
						"1.0417": [0, 0, 0],
						"1.0833": [0, 0, 0],
						"1.125": [0, 0, 0],
						"1.1667": [0, 0, 0],
						"1.2083": [0, 0, 0],
						"1.25": [0, 0, 0],
						"1.2917": [0, 0, 0],
						"1.3333": [0, 0, 0],
						"1.375": [0, 0, 0],
						"1.4167": [0, 0, 0],
						"1.4583": [0, 0, 0],
						"1.5": [0, 0, 0],
						"1.5417": [0, 0, 0],
						"1.5833": [0, 0, 0],
						"1.625": [0, 0, 0],
						"1.6667": [0, 0, 0],
						"1.7083": [0, 0, 0],
						"1.75": [0, 0, 0],
						"1.7917": [0, 0, 0],
						"1.8333": [0, 0, 0],
						"1.875": [0, 0, 0],
						"1.9167": [0, 0, 0],
						"1.9583": [0, 0, 0],
						"2.0": [0, 0, 0],
						"2.0417": [0, 0, 0]
					}
				},
				"torso": {
					"rotation": {
						"0.0": [0, 0, 0],
						"0.0417": [-22.14752, -4.2012, -3.23483],
						"0.0833": [0, 0, 0],
						"0.125": [-19.41277, -3.70817, -3.43891],
						"0.1667": [0, 0, 0],
						"0.2083": [-16.42009, -3.1494, -3.58082],
						"0.25": [0, 0, 0],
						"0.2917": [-6.12859, -1.06754, -1.75028],
						"0.3333": [0, 0, 0],
						"0.375": [-1.52086, -0.24849, -0.56357],
						"0.4167": [0, 0, 0],
						"0.4583": [-0.64842, -0.10458, -0.32911],
						"0.5": [0, 0, 0],
						"0.5417": [-0.1765, -0.02817, -0.14119],
						"0.5833": [0, 0, 0],
						"0.625": [-0.01412, -0.00224, -0.02652],
						"0.6667": [0, 0, 0],
						"0.7083": [0.0006, 0.00009, -0.00323],
						"0.75": [0, 0, 0],
						"0.7917": [0.06785, 0.01079, -0.07516],
						"0.8333": [0, 0, 0],
						"0.875": [0.37385, 0.05997, -0.2306],
						"0.9167": [0, 0, 0],
						"0.9583": [1.04601, 0.1698, -0.44615],
						"1.0": [0, 0, 0],
						"1.0417": [3.66555, 0.61942, -1.18227],
						"1.0833": [0, 0, 0],
						"1.125": [1.46333, 0.23728, -0.42537],
						"1.1667": [0, 0, 0],
						"1.2083": [0.63212, 0.10102, -0.16458],
						"1.25": [0, 0, 0],
						"1.2917": [-0.356, -0.0561, 0.083],
						"1.3333": [0, 0, 0],
						"1.375": [-1.48796, -0.23148, 0.3104],
						"1.4167": [0, 0, 0],
						"1.4583": [-2.73597, -0.4208, 0.51003],
						"1.5": [0, 0, 0],
						"1.5417": [-4.05581, -0.61798, 0.67422],
						"1.5833": [0, 0, 0],
						"1.625": [-5.38766, -0.8153, 0.79615],
						"1.6667": [0, 0, 0],
						"1.7083": [-6.66021, -1.00382, 0.87083],
						"1.75": [0, 0, 0],
						"1.7917": [-7.79801, -1.17402, 0.89609],
						"1.8333": [0, 0, 0],
						"1.875": [-8.73048, -1.31669, 0.87331],
						"1.9167": [0, 0, 0],
						"1.9583": [-9.40041, -1.42369, 0.80752],
						"2.0": [0, 0, 0],
						"2.0417": [-9.76978, -1.48867, 0.70704]
					}
				},
				"leftLeg": {
					"rotation": {
						"0.0": [0, 0, 0],
						"0.0417": [0, 0, 0],
						"0.0833": [0, 0, 0],
						"0.125": [0, 0, 0],
						"0.1667": [0, 0, 0],
						"0.2083": [0, 0, 0],
						"0.25": [0, 0, 0],
						"0.2917": [0, 0, 0],
						"0.3333": [0, 0, 0],
						"0.375": [0, 0, 0],
						"0.4167": [0, 0, 0],
						"0.4583": [0, 0, 0],
						"0.5": [0, 0, 0],
						"0.5417": [0, 0, 0],
						"0.5833": [0, 0, 0],
						"0.625": [0, 0, 0],
						"0.6667": [0, 0, 0],
						"0.7083": [0, 0, 0],
						"0.75": [0, 0, 0],
						"0.7917": [0, 0, 0],
						"0.8333": [0, 0, 0],
						"0.875": [0, 0, 0],
						"0.9167": [0, 0, 0],
						"0.9583": [0, 0, 0],
						"1.0": [0, 0, 0]
					}
				},
				"rightLeg": {
					"rotation": {
						"0.0": [-0.07833, 0.00517, 8.50576],
						"0.0417": [-0.27171, 0.01783, 8.46416],
						"0.0833": [-0.80626, 0.05193, 8.32574],
						"0.125": [-15.607, 0.38247, 3.74523],
						"0.1667": [-19.07597, 0.03646, 1.17192],
						"0.2083": [-15.1906, -0.03681, 0.67889],
						"0.25": [-10.27105, -0.05971, 0.29052],
						"0.2917": [-4.5375, -0.03567, 0.05458],
						"0.3333": [1.58983, 0.01316, 0.00665],
						"0.375": [7.57664, 0.05299, 0.15463],
						"0.4167": [12.93066, 0.0544, 0.47487],
						"0.4583": [17.33086, 0.00481, 0.92333],
						"0.5": [17.76059, -0.23794, 2.4777],
						"0.5417": [24.34274, -0.00129, 0.96089],
						"0.5833": [28.51854, 0.12487, 0.46355],
						"0.625": [33.17429, 0.29157, -0.02392],
						"0.6667": [38.25696, 0.49815, -0.48129],
						"0.7083": [43.66933, 0.73766, -0.88602],
						"0.75": [49.27467, 0.99605, -1.21671],
						"0.7917": [54.91231, 1.25342, -1.45713],
						"0.8333": [60.42085, 1.48737, -1.59931],
						"0.875": [65.66144, 1.67733, -1.64448],
						"0.9167": [70.5339, 1.80811, -1.60169],
						"0.9583": [74.98228, 1.87168, -1.48494],
						"1.0": [78.99095, 1.867, -1.31022]
					}
				}
			}
		}
	},
	"geckolib_format_version": 2
}